symbol,file_path,exists,read_ok,required_columns_ok,row_count,date_min,date_max,invalid_date_count,duplicate_date_count,date_monotonic_increasing,missing_open_count,missing_high_count,missing_low_count,missing_close_count,missing_volume_count,nonpositive_price_count,negative_volume_count,missing_trading_days_count,status,issues
A,data\raw_equities\sp500_constituents\A.csv,True,True,True,5351,2005-01-03,2026-04-10,0,0,True,0,0,0,0,0,0,0,0,ok,
AAPL,data\raw_equities\sp500_constituents\AAPL.csv,True,True,True,5351,2005-01-03,2026-04-10,0,0,True,0,0,0,0,0,0,0,0,ok,
ABBV,data\raw_equities\sp500_constituents\ABBV.csv,True,True,True,3338,2013-01-02,2026-04-10,0,0,True,0,0,0,0,0,0,0,0,ok,
ABT,data\raw_equities\sp500_constituents\ABT.csv,True,True,True,5351,2005-01-03,2026-04-10,0,0,True,0,0,0,0,0,0,0,0,ok,
ACGL,data\raw_equities\sp500_constituents\ACGL.csv,True,True,True,5351,2005-01-03,2026-04-10,0,0,True,0,0,0,0,0,0,0,0,ok,
ACN,data\raw_equities\sp500_constituents\ACN.csv,True,True,True,5351,2005-01-03,2026-04-10,0,0,True,0,0,0,0,0,0,0,0,ok,
ADBE,data\raw_equities\sp500_constituents\ADBE.csv,True,True,True,5351,2005-01-03,2026-04-10,0,0,True,0,0,0,0,0,0,0,0,ok,
ADI,data\raw_equities\sp500_constituents\ADI.csv,True,True,True,5351,2005-01-03,2026-04-10,0,0,True,0,0,0,0,0,0,0,0,ok,
ADM,data\raw_equities\sp500_constituents\ADM.csv,True,True,True,5351,2005-01-03,2026-04-10,0,0,True,0,0,0,0,0,0,0,0,ok,
ADP,data\raw_equities\sp500_constituents\ADP.csv,True,True,True,5351,2005-01-03,2026-04-10,0,0,True,0,0,0,0,0,0,0,0,ok,
ADSK,data\raw_equities\sp500_constituents\ADSK.csv,True,True,True,5351,2005-01-03,2026-04-10,0,0,True,0,0,0,0,0,0,0,0,ok,
AEE,data\raw_equities\sp500_constituents\AEE.csv,True,True,True,5351,2005-01-03,2026-04-10,0,0,True,0,0,0,0,0,0,0,0,ok,
AEP,data\raw_equities\sp500_constituents\AEP.csv,True,True,True,5351,2005-01-03,2026-04-10,0,0,True,0,0,0,0,0,0,0,0,ok,
AES,data\raw_equities\sp500_constituents\AES.csv,True,True,True,5351,2005-01-03,2026-04-10,0,0,True,0,0,0,0,0,0,0,0,ok,
AFL,data\raw_equities\sp500_constituents\AFL.csv,True,True,True,5351,2005-01-03,2026-04-10,0,0,True,0,0,0,0,0,0,0,0,ok,
AIG,data\raw_equities\sp500_constituents\AIG.csv,True,True,True,5351,2005-01-03,2026-04-10,0,0,True,0,0,0,0,0,0,0,0,ok,
AIZ,data\raw_equities\sp500_constituents\AIZ.csv,True,True,True,5351,2005-01-03,2026-04-10,0,0,True,0,0,0,0,0,0,0,0,ok,
AJG,data\raw_equities\sp500_constituents\AJG.csv,True,True,True,5351,2005-01-03,2026-04-10,0,0,True,0,0,0,0,0,0,0,0,ok,
AKAM,data\raw_equities\sp500_constituents\AKAM.csv,True,True,True,5351,2005-01-03,2026-04-10,0,0,True,0,0,0,0,0,0,0,0,ok,
ALB,data\raw_equities\sp500_constituents\ALB.csv,True,True,True,5351,2005-01-03,2026-04-10,0,0,True,0,0,0,0,0,0,0,0,ok,
ALGN,data\raw_equities\sp500_constituents\ALGN.csv,True,True,True,5351,2005-01-03,2026-04-10,0,0,True,0,0,0,0,0,0,0,0,ok,
ALL,data\raw_equities\sp500_constituents\ALL.csv,True,True,True,5351,2005-01-03,2026-04-10,0,0,True,0,0,0,0,0,0,0,0,ok,
ALLE,data\raw_equities\sp500_constituents\ALLE.csv,True,True,True,5351,2005-01-03,2026-04-10,0,0,True,0,0,0,0,0,0,0,0,ok,
AMAT,data\raw_equities\sp500_constituents\AMAT.csv,True,True,True,5351,2005-01-03,2026-04-10,0,0,True,0,0,0,0,0,0,0,0,ok,
AMCR,data\raw_equities\sp500_constituents\AMCR.csv,True,True,True,3496,2012-05-15,2026-04-10,0,0,True,0,0,0,0,0,0,0,0,ok,
AMD,data\raw_equities\sp500_constituents\AMD.csv,True,True,True,5351,2005-01-03,2026-04-10,0,0,True,0,0,0,0,0,0,0,0,ok,
AME,data\raw_equities\sp500_constituents\AME.csv,True,True,True,5351,2005-01-03,2026-04-10,0,0,True,0,0,0,0,0,0,0,0,ok,
AMGN,data\raw_equities\sp500_constituents\AMGN.csv,True,True,True,5351,2005-01-03,2026-04-10,0,0,True,0,0,0,0,0,0,0,0,ok,
AMP,data\raw_equities\sp500_constituents\AMP.csv,True,True,True,5174,2005-09-15,2026-04-10,0,0,True,0,0,0,0,0,0,0,0,ok,
AMT,data\raw_equities\sp500_constituents\AMT.csv,True,True,True,5351,2005-01-03,2026-04-10,0,0,True,0,0,0,0,0,0,0,0,ok,
AMZN,data\raw_equities\sp500_constituents\AMZN.csv,True,True,True,5351,2005-01-03,2026-04-10,0,0,True,0,0,0,0,0,0,0,0,ok,
ANET,data\raw_equities\sp500_constituents\ANET.csv,True,True,True,5351,2005-01-03,2026-04-10,0,0,True,0,0,0,0,0,0,0,0,ok,
AON,data\raw_equities\sp500_constituents\AON.csv,True,True,True,5351,2005-01-03,2026-04-10,0,0,True,0,0,0,0,0,0,0,0,ok,
AOS,data\raw_equities\sp500_constituents\AOS.csv,True,True,True,5351,2005-01-03,2026-04-10,0,0,True,0,0,0,0,0,0,0,0,ok,
APA,data\raw_equities\sp500_constituents\APA.csv,True,True,True,5351,2005-01-03,2026-04-10,0,0,True,0,0,0,0,0,0,0,0,ok,
APD,data\raw_equities\sp500_constituents\APD.csv,True,True,True,5351,2005-01-03,2026-04-10,0,0,True,0,0,0,0,0,0,0,0,ok,
APH,data\raw_equities\sp500_constituents\APH.csv,True,True,True,5351,2005-01-03,2026-04-10,0,0,True,0,0,0,0,0,0,0,0,ok,
APO,data\raw_equities\sp500_constituents\APO.csv,True,True,True,5351,2005-01-03,2026-04-10,0,0,True,0,0,0,0,0,0,0,0,ok,
APP,data\raw_equities\sp500_constituents\APP.csv,True,True,True,5351,2005-01-03,2026-04-10,0,0,True,0,0,0,0,0,0,0,0,ok,
APTV,data\raw_equities\sp500_constituents\APTV.csv,True,True,True,3618,2011-11-17,2026-04-10,0,0,True,0,0,0,0,0,0,0,0,ok,
ARE,data\raw_equities\sp500_constituents\ARE.csv,True,True,True,5351,2005-01-03,2026-04-10,0,0,True,0,0,0,0,0,0,0,0,ok,
ARES,data\raw_equities\sp500_constituents\ARES.csv,True,True,True,5351,2005-01-03,2026-04-10,0,0,True,0,0,0,0,0,0,0,0,ok,
ATO,data\raw_equities\sp500_constituents\ATO.csv,True,True,True,5351,2005-01-03,2026-04-10,0,0,True,0,0,0,0,0,0,0,0,ok,
AVB,data\raw_equities\sp500_constituents\AVB.csv,True,True,True,5351,2005-01-03,2026-04-10,0,0,True,0,0,0,0,0,0,0,0,ok,
AVGO,data\raw_equities\sp500_constituents\AVGO.csv,True,True,True,4195,2009-08-06,2026-04-10,0,0,True,0,0,0,0,0,0,0,0,ok,
AVY,data\raw_equities\sp500_constituents\AVY.csv,True,True,True,5351,2005-01-03,2026-04-10,0,0,True,0,0,0,0,0,0,0,0,ok,
AWK,data\raw_equities\sp500_constituents\AWK.csv,True,True,True,4520,2008-04-23,2026-04-10,0,0,True,0,0,0,0,0,0,0,0,ok,
AXON,data\raw_equities\sp500_constituents\AXON.csv,True,True,True,5351,2005-01-03,2026-04-10,0,0,True,0,0,0,0,0,0,0,0,ok,
AXP,data\raw_equities\sp500_constituents\AXP.csv,True,True,True,5351,2005-01-03,2026-04-10,0,0,True,0,0,0,0,0,0,0,0,ok,
AZO,data\raw_equities\sp500_constituents\AZO.csv,True,True,True,5351,2005-01-03,2026-04-10,0,0,True,0,0,0,0,0,0,0,0,ok,
BA,data\raw_equities\sp500_constituents\BA.csv,True,True,True,5351,2005-01-03,2026-04-10,0,0,True,0,0,0,0,0,0,0,0,ok,
BAC,data\raw_equities\sp500_constituents\BAC.csv,True,True,True,5351,2005-01-03,2026-04-10,0,0,True,0,0,0,0,0,0,0,0,ok,
BALL,data\raw_equities\sp500_constituents\BALL.csv,True,True,True,5351,2005-01-03,2026-04-10,0,0,True,0,0,0,0,0,0,0,0,ok,
BAX,data\raw_equities\sp500_constituents\BAX.csv,True,True,True,5351,2005-01-03,2026-04-10,0,0,True,0,0,0,0,0,0,0,0,ok,
BBY,data\raw_equities\sp500_constituents\BBY.csv,True,True,True,5351,2005-01-03,2026-04-10,0,0,True,0,0,0,0,0,0,0,0,ok,
BDX,data\raw_equities\sp500_constituents\BDX.csv,True,True,True,5351,2005-01-03,2026-04-10,0,0,True,0,0,0,0,0,0,0,0,ok,
BEN,data\raw_equities\sp500_constituents\BEN.csv,True,True,True,5351,2005-01-03,2026-04-10,0,0,True,0,0,0,0,0,0,0,0,ok,
BF.B,data\raw_equities\sp500_constituents\BF-B.csv,True,True,True,5351,2005-01-03,2026-04-10,0,0,True,0,0,0,0,0,0,0,0,ok,
BG,data\raw_equities\sp500_constituents\BG.csv,True,True,True,5351,2005-01-03,2026-04-10,0,0,True,0,0,0,0,0,0,0,0,ok,
BIIB,data\raw_equities\sp500_constituents\BIIB.csv,True,True,True,5351,2005-01-03,2026-04-10,0,0,True,0,0,0,0,0,0,0,0,ok,
BK,data\raw_equities\sp500_constituents\BK.csv,True,True,True,5351,2005-01-03,2026-04-10,0,0,True,0,0,0,0,0,0,0,0,ok,
BKR,data\raw_equities\sp500_constituents\BKR.csv,True,True,True,5351,2005-01-03,2026-04-10,0,0,True,0,0,0,0,0,0,0,0,ok,
BLDR,data\raw_equities\sp500_constituents\BLDR.csv,True,True,True,5229,2005-06-28,2026-04-10,0,0,True,0,0,0,0,0,0,0,0,ok,
BLK,data\raw_equities\sp500_constituents\BLK.csv,True,True,True,5351,2005-01-03,2026-04-10,0,0,True,0,0,0,0,0,0,0,0,ok,
BMY,data\raw_equities\sp500_constituents\BMY.csv,True,True,True,5351,2005-01-03,2026-04-10,0,0,True,0,0,0,0,0,0,0,0,ok,
BR,data\raw_equities\sp500_constituents\BR.csv,True,True,True,4794,2007-03-22,2026-04-10,0,0,True,0,0,0,0,0,0,0,0,ok,
BRK.B,data\raw_equities\sp500_constituents\BRK-B.csv,True,True,True,5351,2005-01-03,2026-04-10,0,0,True,0,0,0,0,0,0,0,0,ok,
BRO,data\raw_equities\sp500_constituents\BRO.csv,True,True,True,5351,2005-01-03,2026-04-10,0,0,True,0,0,0,0,0,0,0,0,ok,
BX,data\raw_equities\sp500_constituents\BX.csv,True,True,True,5351,2005-01-03,2026-04-10,0,0,True,0,0,0,0,0,0,0,0,ok,
BXP,data\raw_equities\sp500_constituents\BXP.csv,True,True,True,5351,2005-01-03,2026-04-10,0,0,True,0,0,0,0,0,0,0,0,ok,
C,data\raw_equities\sp500_constituents\C.csv,True,True,True,5351,2005-01-03,2026-04-10,0,0,True,0,0,0,0,0,0,0,0,ok,
CAG,data\raw_equities\sp500_constituents\CAG.csv,True,True,True,5351,2005-01-03,2026-04-10,0,0,True,0,0,0,0,0,0,0,0,ok,
CAH,data\raw_equities\sp500_constituents\CAH.csv,True,True,True,5351,2005-01-03,2026-04-10,0,0,True,0,0,0,0,0,0,0,0,ok,
CARR,data\raw_equities\sp500_constituents\CARR.csv,True,True,True,1523,2020-03-19,2026-04-10,0,0,True,0,0,0,0,0,0,0,0,ok,
CASY,data\raw_equities\sp500_constituents\CASY.csv,True,True,True,5351,2005-01-03,2026-04-10,0,0,True,0,0,0,0,0,0,0,0,ok,
CAT,data\raw_equities\sp500_constituents\CAT.csv,True,True,True,5351,2005-01-03,2026-04-10,0,0,True,0,0,0,0,0,0,0,0,ok,
CB,data\raw_equities\sp500_constituents\CB.csv,True,True,True,5351,2005-01-03,2026-04-10,0,0,True,0,0,0,0,0,0,0,0,ok,
CBOE,data\raw_equities\sp500_constituents\CBOE.csv,True,True,True,5351,2005-01-03,2026-04-10,0,0,True,0,0,0,0,0,0,0,0,ok,
CBRE,data\raw_equities\sp500_constituents\CBRE.csv,True,True,True,5351,2005-01-03,2026-04-10,0,0,True,0,0,0,0,0,0,0,0,ok,
CCI,data\raw_equities\sp500_constituents\CCI.csv,True,True,True,5351,2005-01-03,2026-04-10,0,0,True,0,0,0,0,0,0,0,0,ok,
CCL,data\raw_equities\sp500_constituents\CCL.csv,True,True,True,5351,2005-01-03,2026-04-10,0,0,True,0,0,0,0,0,0,0,0,ok,
CDNS,data\raw_equities\sp500_constituents\CDNS.csv,True,True,True,5351,2005-01-03,2026-04-10,0,0,True,0,0,0,0,0,0,0,0,ok,
CDW,data\raw_equities\sp500_constituents\CDW.csv,True,True,True,5351,2005-01-03,2026-04-10,0,0,True,0,0,0,0,0,0,0,0,ok,
CHD,data\raw_equities\sp500_constituents\CHD.csv,True,True,True,5351,2005-01-03,2026-04-10,0,0,True,0,0,0,0,0,0,0,0,ok,
CHRW,data\raw_equities\sp500_constituents\CHRW.csv,True,True,True,5351,2005-01-03,2026-04-10,0,0,True,0,0,0,0,0,0,0,0,ok,
CI,data\raw_equities\sp500_constituents\CI.csv,True,True,True,5351,2005-01-03,2026-04-10,0,0,True,0,0,0,0,0,0,0,0,ok,
CIEN,data\raw_equities\sp500_constituents\CIEN.csv,True,True,True,5351,2005-01-03,2026-04-10,0,0,True,0,0,0,0,0,0,0,0,ok,
CINF,data\raw_equities\sp500_constituents\CINF.csv,True,True,True,5351,2005-01-03,2026-04-10,0,0,True,0,0,0,0,0,0,0,0,ok,
CL,data\raw_equities\sp500_constituents\CL.csv,True,True,True,5351,2005-01-03,2026-04-10,0,0,True,0,0,0,0,0,0,0,0,ok,
CLX,data\raw_equities\sp500_constituents\CLX.csv,True,True,True,5351,2005-01-03,2026-04-10,0,0,True,0,0,0,0,0,0,0,0,ok,
CMCSA,data\raw_equities\sp500_constituents\CMCSA.csv,True,True,True,5351,2005-01-03,2026-04-10,0,0,True,0,0,0,0,0,0,0,0,ok,
CME,data\raw_equities\sp500_constituents\CME.csv,True,True,True,5351,2005-01-03,2026-04-10,0,0,True,0,0,0,0,0,0,0,0,ok,
CMG,data\raw_equities\sp500_constituents\CMG.csv,True,True,True,5083,2006-01-26,2026-04-10,0,0,True,0,0,0,0,0,0,0,0,ok,
CMI,data\raw_equities\sp500_constituents\CMI.csv,True,True,True,5351,2005-01-03,2026-04-10,0,0,True,0,0,0,0,0,0,0,0,ok,
CMS,data\raw_equities\sp500_constituents\CMS.csv,True,True,True,5351,2005-01-03,2026-04-10,0,0,True,0,0,0,0,0,0,0,0,ok,
CNC,data\raw_equities\sp500_constituents\CNC.csv,True,True,True,5351,2005-01-03,2026-04-10,0,0,True,0,0,0,0,0,0,0,0,ok,
COF,data\raw_equities\sp500_constituents\COF.csv,True,True,True,5351,2005-01-03,2026-04-10,0,0,True,0,0,0,0,0,0,0,0,ok,
COHR,data\raw_equities\sp500_constituents\COHR.csv,True,True,True,5351,2005-01-03,2026-04-10,0,0,True,0,0,0,0,0,0,0,0,ok,
COIN,data\raw_equities\sp500_constituents\COIN.csv,True,True,True,1254,2021-04-14,2026-04-10,0,0,True,0,0,0,0,0,0,0,0,ok,
COO,data\raw_equities\sp500_constituents\COO.csv,True,True,True,5351,2005-01-03,2026-04-10,0,0,True,0,0,0,0,0,0,0,0,ok,
COP,data\raw_equities\sp500_constituents\COP.csv,True,True,True,5351,2005-01-03,2026-04-10,0,0,True,0,0,0,0,0,0,0,0,ok,
COR,data\raw_equities\sp500_constituents\COR.csv,True,True,True,5351,2005-01-03,2026-04-10,0,0,True,0,0,0,0,0,0,0,0,ok,
COST,data\raw_equities\sp500_constituents\COST.csv,True,True,True,5351,2005-01-03,2026-04-10,0,0,True,0,0,0,0,0,0,0,0,ok,
CPAY,data\raw_equities\sp500_constituents\CPAY.csv,True,True,True,3852,2010-12-15,2026-04-10,0,0,True,0,0,0,0,0,0,0,0,ok,
CPB,data\raw_equities\sp500_constituents\CPB.csv,True,True,True,5351,2005-01-03,2026-04-10,0,0,True,0,0,0,0,0,0,0,0,ok,
CPRT,data\raw_equities\sp500_constituents\CPRT.csv,True,True,True,5351,2005-01-03,2026-04-10,0,0,True,0,0,0,0,0,0,0,0,ok,
CPT,data\raw_equities\sp500_constituents\CPT.csv,True,True,True,5351,2005-01-03,2026-04-10,0,0,True,0,0,0,0,0,0,0,0,ok,
CRH,data\raw_equities\sp500_constituents\CRH.csv,True,True,True,5351,2005-01-03,2026-04-10,0,0,True,0,0,0,0,0,0,0,0,ok,
CRL,data\raw_equities\sp500_constituents\CRL.csv,True,True,True,5351,2005-01-03,2026-04-10,0,0,True,0,0,0,0,0,0,0,0,ok,
CRM,data\raw_equities\sp500_constituents\CRM.csv,True,True,True,5351,2005-01-03,2026-04-10,0,0,True,0,0,0,0,0,0,0,0,ok,
CRWD,data\raw_equities\sp500_constituents\CRWD.csv,True,True,True,1717,2019-06-12,2026-04-10,0,0,True,0,0,0,0,0,0,0,0,ok,
CSCO,data\raw_equities\sp500_constituents\CSCO.csv,True,True,True,5351,2005-01-03,2026-04-10,0,0,True,0,0,0,0,0,0,0,0,ok,
CSGP,data\raw_equities\sp500_constituents\CSGP.csv,True,True,True,5351,2005-01-03,2026-04-10,0,0,True,0,0,0,0,0,0,0,0,ok,
CSX,data\raw_equities\sp500_constituents\CSX.csv,True,True,True,5351,2005-01-03,2026-04-10,0,0,True,0,0,0,0,0,0,0,0,ok,
CTAS,data\raw_equities\sp500_constituents\CTAS.csv,True,True,True,5351,2005-01-03,2026-04-10,0,0,True,0,0,0,0,0,0,0,0,ok,
CTRA,data\raw_equities\sp500_constituents\CTRA.csv,True,True,True,5351,2005-01-03,2026-04-10,0,0,True,0,0,0,0,0,0,0,0,ok,
CTVA,data\raw_equities\sp500_constituents\CTVA.csv,True,True,True,3852,2010-12-15,2026-04-10,0,0,True,0,0,0,0,0,0,0,0,ok,
CVNA,data\raw_equities\sp500_constituents\CVNA.csv,True,True,True,2250,2017-04-28,2026-04-10,0,0,True,0,0,0,0,0,0,0,0,ok,
CVS,data\raw_equities\sp500_constituents\CVS.csv,True,True,True,5351,2005-01-03,2026-04-10,0,0,True,0,0,0,0,0,0,0,0,ok,
CVX,data\raw_equities\sp500_constituents\CVX.csv,True,True,True,5351,2005-01-03,2026-04-10,0,0,True,0,0,0,0,0,0,0,0,ok,
D,data\raw_equities\sp500_constituents\D.csv,True,True,True,5351,2005-01-03,2026-04-10,0,0,True,0,0,0,0,0,0,0,0,ok,
DAL,data\raw_equities\sp500_constituents\DAL.csv,True,True,True,4765,2007-05-03,2026-04-10,0,0,True,0,0,0,0,0,0,0,0,ok,
DASH,data\raw_equities\sp500_constituents\DASH.csv,True,True,True,5351,2005-01-03,2026-04-10,0,0,True,0,0,0,0,0,0,0,0,ok,
DD,data\raw_equities\sp500_constituents\DD.csv,True,True,True,5351,2005-01-03,2026-04-10,0,0,True,0,0,0,0,0,0,0,0,ok,
DDOG,data\raw_equities\sp500_constituents\DDOG.csv,True,True,True,5351,2005-01-03,2026-04-10,0,0,True,0,0,0,0,0,0,0,0,ok,
DECK,data\raw_equities\sp500_constituents\DECK.csv,True,True,True,5351,2005-01-03,2026-04-10,0,0,True,0,0,0,0,0,0,0,0,ok,
DELL,data\raw_equities\sp500_constituents\DELL.csv,True,True,True,2425,2016-08-17,2026-04-10,0,0,True,0,0,0,0,0,0,0,0,ok,
DGX,data\raw_equities\sp500_constituents\DGX.csv,True,True,True,5351,2005-01-03,2026-04-10,0,0,True,0,0,0,0,0,0,0,0,ok,
DHI,data\raw_equities\sp500_constituents\DHI.csv,True,True,True,5351,2005-01-03,2026-04-10,0,0,True,0,0,0,0,0,0,0,0,ok,
DHR,data\raw_equities\sp500_constituents\DHR.csv,True,True,True,5351,2005-01-03,2026-04-10,0,0,True,0,0,0,0,0,0,0,0,ok,
DIS,data\raw_equities\sp500_constituents\DIS.csv,True,True,True,5351,2005-01-03,2026-04-10,0,0,True,0,0,0,0,0,0,0,0,ok,
DLR,data\raw_equities\sp500_constituents\DLR.csv,True,True,True,5351,2005-01-03,2026-04-10,0,0,True,0,0,0,0,0,0,0,0,ok,
DLTR,data\raw_equities\sp500_constituents\DLTR.csv,True,True,True,5351,2005-01-03,2026-04-10,0,0,True,0,0,0,0,0,0,0,0,ok,
DOC,data\raw_equities\sp500_constituents\DOC.csv,True,True,True,5351,2005-01-03,2026-04-10,0,0,True,0,0,0,0,0,0,0,0,ok,
DOV,data\raw_equities\sp500_constituents\DOV.csv,True,True,True,5351,2005-01-03,2026-04-10,0,0,True,0,0,0,0,0,0,0,0,ok,
DOW,data\raw_equities\sp500_constituents\DOW.csv,True,True,True,1775,2019-03-20,2026-04-10,0,0,True,0,0,0,0,0,0,0,0,ok,
DPZ,data\raw_equities\sp500_constituents\DPZ.csv,True,True,True,5351,2005-01-03,2026-04-10,0,0,True,0,0,0,0,0,0,0,0,ok,
DRI,data\raw_equities\sp500_constituents\DRI.csv,True,True,True,5351,2005-01-03,2026-04-10,0,0,True,0,0,0,0,0,0,0,0,ok,
DTE,data\raw_equities\sp500_constituents\DTE.csv,True,True,True,5351,2005-01-03,2026-04-10,0,0,True,0,0,0,0,0,0,0,0,ok,
DUK,data\raw_equities\sp500_constituents\DUK.csv,True,True,True,5351,2005-01-03,2026-04-10,0,0,True,0,0,0,0,0,0,0,0,ok,
DVA,data\raw_equities\sp500_constituents\DVA.csv,True,True,True,5351,2005-01-03,2026-04-10,0,0,True,0,0,0,0,0,0,0,0,ok,
DVN,data\raw_equities\sp500_constituents\DVN.csv,True,True,True,5351,2005-01-03,2026-04-10,0,0,True,0,0,0,0,0,0,0,0,ok,
EA,data\raw_equities\sp500_constituents\EA.csv,True,True,True,5351,2005-01-03,2026-04-10,0,0,True,0,0,0,0,0,0,0,0,ok,
EBAY,data\raw_equities\sp500_constituents\EBAY.csv,True,True,True,5351,2005-01-03,2026-04-10,0,0,True,0,0,0,0,0,0,0,0,ok,
ECL,data\raw_equities\sp500_constituents\ECL.csv,True,True,True,5351,2005-01-03,2026-04-10,0,0,True,0,0,0,0,0,0,0,0,ok,
ED,data\raw_equities\sp500_constituents\ED.csv,True,True,True,5351,2005-01-03,2026-04-10,0,0,True,0,0,0,0,0,0,0,0,ok,
EFX,data\raw_equities\sp500_constituents\EFX.csv,True,True,True,5351,2005-01-03,2026-04-10,0,0,True,0,0,0,0,0,0,0,0,ok,
EG,data\raw_equities\sp500_constituents\EG.csv,True,True,True,5351,2005-01-03,2026-04-10,0,0,True,0,0,0,0,0,0,0,0,ok,
EIX,data\raw_equities\sp500_constituents\EIX.csv,True,True,True,5351,2005-01-03,2026-04-10,0,0,True,0,0,0,0,0,0,0,0,ok,
EL,data\raw_equities\sp500_constituents\EL.csv,True,True,True,5351,2005-01-03,2026-04-10,0,0,True,0,0,0,0,0,0,0,0,ok,
ELV,data\raw_equities\sp500_constituents\ELV.csv,True,True,True,5351,2005-01-03,2026-04-10,0,0,True,0,0,0,0,0,0,0,0,ok,
EME,data\raw_equities\sp500_constituents\EME.csv,True,True,True,5351,2005-01-03,2026-04-10,0,0,True,0,0,0,0,0,0,0,0,ok,
EMR,data\raw_equities\sp500_constituents\EMR.csv,True,True,True,5351,2005-01-03,2026-04-10,0,0,True,0,0,0,0,0,0,0,0,ok,
EOG,data\raw_equities\sp500_constituents\EOG.csv,True,True,True,5351,2005-01-03,2026-04-10,0,0,True,0,0,0,0,0,0,0,0,ok,
EPAM,data\raw_equities\sp500_constituents\EPAM.csv,True,True,True,3563,2012-02-08,2026-04-10,0,0,True,0,0,0,0,0,0,0,0,ok,
EQIX,data\raw_equities\sp500_constituents\EQIX.csv,True,True,True,5351,2005-01-03,2026-04-10,0,0,True,0,0,0,0,0,0,0,0,ok,
EQR,data\raw_equities\sp500_constituents\EQR.csv,True,True,True,5351,2005-01-03,2026-04-10,0,0,True,0,0,0,0,0,0,0,0,ok,
EQT,data\raw_equities\sp500_constituents\EQT.csv,True,True,True,5351,2005-01-03,2026-04-10,0,0,True,0,0,0,0,0,0,0,0,ok,
ERIE,data\raw_equities\sp500_constituents\ERIE.csv,True,True,True,5351,2005-01-03,2026-04-10,0,0,True,0,0,0,0,0,0,0,0,ok,
ES,data\raw_equities\sp500_constituents\ES.csv,True,True,True,5351,2005-01-03,2026-04-10,0,0,True,0,0,0,0,0,0,0,0,ok,
ESS,data\raw_equities\sp500_constituents\ESS.csv,True,True,True,5351,2005-01-03,2026-04-10,0,0,True,0,0,0,0,0,0,0,0,ok,
ETN,data\raw_equities\sp500_constituents\ETN.csv,True,True,True,5351,2005-01-03,2026-04-10,0,0,True,0,0,0,0,0,0,0,0,ok,
ETR,data\raw_equities\sp500_constituents\ETR.csv,True,True,True,5351,2005-01-03,2026-04-10,0,0,True,0,0,0,0,0,0,0,0,ok,
EVRG,data\raw_equities\sp500_constituents\EVRG.csv,True,True,True,5351,2005-01-03,2026-04-10,0,0,True,0,0,0,0,0,0,0,0,ok,
EW,data\raw_equities\sp500_constituents\EW.csv,True,True,True,5351,2005-01-03,2026-04-10,0,0,True,0,0,0,0,0,0,0,0,ok,
EXC,data\raw_equities\sp500_constituents\EXC.csv,True,True,True,5351,2005-01-03,2026-04-10,0,0,True,0,0,0,0,0,0,0,0,ok,
EXE,data\raw_equities\sp500_constituents\EXE.csv,True,True,True,1297,2021-02-10,2026-04-10,0,0,True,0,0,0,0,0,0,0,0,ok,
EXPD,data\raw_equities\sp500_constituents\EXPD.csv,True,True,True,5351,2005-01-03,2026-04-10,0,0,True,0,0,0,0,0,0,0,0,ok,
EXPE,data\raw_equities\sp500_constituents\EXPE.csv,True,True,True,5351,2005-01-03,2026-04-10,0,0,True,0,0,0,0,0,0,0,0,ok,
EXR,data\raw_equities\sp500_constituents\EXR.csv,True,True,True,5351,2005-01-03,2026-04-10,0,0,True,0,0,0,0,0,0,0,0,ok,
F,data\raw_equities\sp500_constituents\F.csv,True,True,True,5351,2005-01-03,2026-04-10,0,0,True,0,0,0,0,0,0,0,0,ok,
FANG,data\raw_equities\sp500_constituents\FANG.csv,True,True,True,3391,2012-10-12,2026-04-10,0,0,True,0,0,0,0,0,0,0,0,ok,
FAST,data\raw_equities\sp500_constituents\FAST.csv,True,True,True,5351,2005-01-03,2026-04-10,0,0,True,0,0,0,0,0,0,0,0,ok,
FCX,data\raw_equities\sp500_constituents\FCX.csv,True,True,True,5351,2005-01-03,2026-04-10,0,0,True,0,0,0,0,0,0,0,0,ok,
FDS,data\raw_equities\sp500_constituents\FDS.csv,True,True,True,5351,2005-01-03,2026-04-10,0,0,True,0,0,0,0,0,0,0,0,ok,
FDX,data\raw_equities\sp500_constituents\FDX.csv,True,True,True,5351,2005-01-03,2026-04-10,0,0,True,0,0,0,0,0,0,0,0,ok,
FE,data\raw_equities\sp500_constituents\FE.csv,True,True,True,5351,2005-01-03,2026-04-10,0,0,True,0,0,0,0,0,0,0,0,ok,
FFIV,data\raw_equities\sp500_constituents\FFIV.csv,True,True,True,5351,2005-01-03,2026-04-10,0,0,True,0,0,0,0,0,0,0,0,ok,
FICO,data\raw_equities\sp500_constituents\FICO.csv,True,True,True,5351,2005-01-03,2026-04-10,0,0,True,0,0,0,0,0,0,0,0,ok,
FIS,data\raw_equities\sp500_constituents\FIS.csv,True,True,True,5351,2005-01-03,2026-04-10,0,0,True,0,0,0,0,0,0,0,0,ok,
FISV,data\raw_equities\sp500_constituents\FISV.csv,True,True,True,5350,2005-01-03,2026-04-10,0,0,True,0,0,0,0,0,0,0,1,ok,
FITB,data\raw_equities\sp500_constituents\FITB.csv,True,True,True,5351,2005-01-03,2026-04-10,0,0,True,0,0,0,0,0,0,0,0,ok,
FIX,data\raw_equities\sp500_constituents\FIX.csv,True,True,True,5351,2005-01-03,2026-04-10,0,0,True,0,0,0,0,0,0,0,0,ok,
FOX,data\raw_equities\sp500_constituents\FOX.csv,True,True,True,1780,2019-03-13,2026-04-10,0,0,True,0,0,0,0,0,0,0,0,ok,
FOXA,data\raw_equities\sp500_constituents\FOXA.csv,True,True,True,1781,2019-03-12,2026-04-10,0,0,True,0,0,0,0,0,0,0,0,ok,
FRT,data\raw_equities\sp500_constituents\FRT.csv,True,True,True,5351,2005-01-03,2026-04-10,0,0,True,0,0,0,0,0,0,0,0,ok,
FSLR,data\raw_equities\sp500_constituents\FSLR.csv,True,True,True,5351,2005-01-03,2026-04-10,0,0,True,0,0,0,0,0,0,0,0,ok,
FTNT,data\raw_equities\sp500_constituents\FTNT.csv,True,True,True,5351,2005-01-03,2026-04-10,0,0,True,0,0,0,0,0,0,0,0,ok,
FTV,data\raw_equities\sp500_constituents\FTV.csv,True,True,True,2456,2016-07-05,2026-04-10,0,0,True,0,0,0,0,0,0,0,0,ok,
GD,data\raw_equities\sp500_constituents\GD.csv,True,True,True,5351,2005-01-03,2026-04-10,0,0,True,0,0,0,0,0,0,0,0,ok,
GDDY,data\raw_equities\sp500_constituents\GDDY.csv,True,True,True,2774,2015-03-31,2026-04-10,0,0,True,0,0,0,0,0,0,0,0,ok,
GE,data\raw_equities\sp500_constituents\GE.csv,True,True,True,5351,2005-01-03,2026-04-10,0,0,True,0,0,0,0,0,0,0,0,ok,
GEN,data\raw_equities\sp500_constituents\GEN.csv,True,True,True,5351,2005-01-03,2026-04-10,0,0,True,0,0,0,0,0,0,0,0,ok,
GEV,data\raw_equities\sp500_constituents\GEV.csv,True,True,True,511,2024-03-27,2026-04-10,0,0,True,0,0,0,0,0,0,0,0,ok,
GILD,data\raw_equities\sp500_constituents\GILD.csv,True,True,True,5351,2005-01-03,2026-04-10,0,0,True,0,0,0,0,0,0,0,0,ok,
GIS,data\raw_equities\sp500_constituents\GIS.csv,True,True,True,5351,2005-01-03,2026-04-10,0,0,True,0,0,0,0,0,0,0,0,ok,
GLW,data\raw_equities\sp500_constituents\GLW.csv,True,True,True,5351,2005-01-03,2026-04-10,0,0,True,0,0,0,0,0,0,0,0,ok,
GNRC,data\raw_equities\sp500_constituents\GNRC.csv,True,True,True,4065,2010-02-11,2026-04-10,0,0,True,0,0,0,0,0,0,0,0,ok,
GOOG,data\raw_equities\sp500_constituents\GOOG.csv,True,True,True,5351,2005-01-03,2026-04-10,0,0,True,0,0,0,0,0,0,0,0,ok,
GOOGL,data\raw_equities\sp500_constituents\GOOGL.csv,True,True,True,5351,2005-01-03,2026-04-10,0,0,True,0,0,0,0,0,0,0,0,ok,
GPC,data\raw_equities\sp500_constituents\GPC.csv,True,True,True,5351,2005-01-03,2026-04-10,0,0,True,0,0,0,0,0,0,0,0,ok,
GPN,data\raw_equities\sp500_constituents\GPN.csv,True,True,True,5351,2005-01-03,2026-04-10,0,0,True,0,0,0,0,0,0,0,0,ok,
GRMN,data\raw_equities\sp500_constituents\GRMN.csv,True,True,True,5351,2005-01-03,2026-04-10,0,0,True,0,0,0,0,0,0,0,0,ok,
GWW,data\raw_equities\sp500_constituents\GWW.csv,True,True,True,5351,2005-01-03,2026-04-10,0,0,True,0,0,0,0,0,0,0,0,ok,
HAL,data\raw_equities\sp500_constituents\HAL.csv,True,True,True,5351,2005-01-03,2026-04-10,0,0,True,0,0,0,0,0,0,0,0,ok,
HAS,data\raw_equities\sp500_constituents\HAS.csv,True,True,True,5351,2005-01-03,2026-04-10,0,0,True,0,0,0,0,0,0,0,0,ok,
HBAN,data\raw_equities\sp500_constituents\HBAN.csv,True,True,True,5351,2005-01-03,2026-04-10,0,0,True,0,0,0,0,0,0,0,0,ok,
HCA,data\raw_equities\sp500_constituents\HCA.csv,True,True,True,3794,2011-03-10,2026-04-10,0,0,True,0,0,0,0,0,0,0,0,ok,
HD,data\raw_equities\sp500_constituents\HD.csv,True,True,True,5351,2005-01-03,2026-04-10,0,0,True,0,0,0,0,0,0,0,0,ok,
HIG,data\raw_equities\sp500_constituents\HIG.csv,True,True,True,5351,2005-01-03,2026-04-10,0,0,True,0,0,0,0,0,0,0,0,ok,
HII,data\raw_equities\sp500_constituents\HII.csv,True,True,True,3786,2011-03-22,2026-04-10,0,0,True,0,0,0,0,0,0,0,0,ok,
HLT,data\raw_equities\sp500_constituents\HLT.csv,True,True,True,3099,2013-12-12,2026-04-10,0,0,True,0,0,0,0,0,0,0,0,ok,
HON,data\raw_equities\sp500_constituents\HON.csv,True,True,True,5351,2005-01-03,2026-04-10,0,0,True,0,0,0,0,0,0,0,0,ok,
HOOD,data\raw_equities\sp500_constituents\HOOD.csv,True,True,True,1180,2021-07-29,2026-04-10,0,0,True,0,0,0,0,0,0,0,0,ok,
HPQ,data\raw_equities\sp500_constituents\HPQ.csv,True,True,True,5351,2005-01-03,2026-04-10,0,0,True,0,0,0,0,0,0,0,0,ok,
HRL,data\raw_equities\sp500_constituents\HRL.csv,True,True,True,5351,2005-01-03,2026-04-10,0,0,True,0,0,0,0,0,0,0,0,ok,
HSIC,data\raw_equities\sp500_constituents\HSIC.csv,True,True,True,5351,2005-01-03,2026-04-10,0,0,True,0,0,0,0,0,0,0,0,ok,
HST,data\raw_equities\sp500_constituents\HST.csv,True,True,True,5351,2005-01-03,2026-04-10,0,0,True,0,0,0,0,0,0,0,0,ok,
HSY,data\raw_equities\sp500_constituents\HSY.csv,True,True,True,5351,2005-01-03,2026-04-10,0,0,True,0,0,0,0,0,0,0,0,ok,
HUBB,data\raw_equities\sp500_constituents\HUBB.csv,True,True,True,5351,2005-01-03,2026-04-10,0,0,True,0,0,0,0,0,0,0,0,ok,
HUM,data\raw_equities\sp500_constituents\HUM.csv,True,True,True,5351,2005-01-03,2026-04-10,0,0,True,0,0,0,0,0,0,0,0,ok,
HWM,data\raw_equities\sp500_constituents\HWM.csv,True,True,True,2372,2016-11-01,2026-04-10,0,0,True,0,0,0,0,0,0,0,0,ok,
IBM,data\raw_equities\sp500_constituents\IBM.csv,True,True,True,5351,2005-01-03,2026-04-10,0,0,True,0,0,0,0,0,0,0,0,ok,
ICE,data\raw_equities\sp500_constituents\ICE.csv,True,True,True,5130,2005-11-16,2026-04-10,0,0,True,0,0,0,0,0,0,0,0,ok,
IDXX,data\raw_equities\sp500_constituents\IDXX.csv,True,True,True,5351,2005-01-03,2026-04-10,0,0,True,0,0,0,0,0,0,0,0,ok,
IEX,data\raw_equities\sp500_constituents\IEX.csv,True,True,True,5351,2005-01-03,2026-04-10,0,0,True,0,0,0,0,0,0,0,0,ok,
IFF,data\raw_equities\sp500_constituents\IFF.csv,True,True,True,5351,2005-01-03,2026-04-10,0,0,True,0,0,0,0,0,0,0,0,ok,
INCY,data\raw_equities\sp500_constituents\INCY.csv,True,True,True,5351,2005-01-03,2026-04-10,0,0,True,0,0,0,0,0,0,0,0,ok,
INTC,data\raw_equities\sp500_constituents\INTC.csv,True,True,True,5351,2005-01-03,2026-04-10,0,0,True,0,0,0,0,0,0,0,0,ok,
INTU,data\raw_equities\sp500_constituents\INTU.csv,True,True,True,5351,2005-01-03,2026-04-10,0,0,True,0,0,0,0,0,0,0,0,ok,
INVH,data\raw_equities\sp500_constituents\INVH.csv,True,True,True,2310,2017-02-01,2026-04-10,0,0,True,0,0,0,0,0,0,0,0,ok,
IP,data\raw_equities\sp500_constituents\IP.csv,True,True,True,5351,2005-01-03,2026-04-10,0,0,True,0,0,0,0,0,0,0,0,ok,
IQV,data\raw_equities\sp500_constituents\IQV.csv,True,True,True,3250,2013-05-09,2026-04-10,0,0,True,0,0,0,0,0,0,0,0,ok,
IR,data\raw_equities\sp500_constituents\IR.csv,True,True,True,2240,2017-05-12,2026-04-10,0,0,True,0,0,0,0,0,0,0,0,ok,
IRM,data\raw_equities\sp500_constituents\IRM.csv,True,True,True,5351,2005-01-03,2026-04-10,0,0,True,0,0,0,0,0,0,0,0,ok,
ISRG,data\raw_equities\sp500_constituents\ISRG.csv,True,True,True,5351,2005-01-03,2026-04-10,0,0,True,0,0,0,0,0,0,0,0,ok,
IT,data\raw_equities\sp500_constituents\IT.csv,True,True,True,5351,2005-01-03,2026-04-10,0,0,True,0,0,0,0,0,0,0,0,ok,
ITW,data\raw_equities\sp500_constituents\ITW.csv,True,True,True,5351,2005-01-03,2026-04-10,0,0,True,0,0,0,0,0,0,0,0,ok,
IVZ,data\raw_equities\sp500_constituents\IVZ.csv,True,True,True,5351,2005-01-03,2026-04-10,0,0,True,0,0,0,0,0,0,0,0,ok,
J,data\raw_equities\sp500_constituents\J.csv,True,True,True,5351,2005-01-03,2026-04-10,0,0,True,0,0,0,0,0,0,0,0,ok,
JBHT,data\raw_equities\sp500_constituents\JBHT.csv,True,True,True,5351,2005-01-03,2026-04-10,0,0,True,0,0,0,0,0,0,0,0,ok,
JBL,data\raw_equities\sp500_constituents\JBL.csv,True,True,True,5351,2005-01-03,2026-04-10,0,0,True,0,0,0,0,0,0,0,0,ok,
JCI,data\raw_equities\sp500_constituents\JCI.csv,True,True,True,5351,2005-01-03,2026-04-10,0,0,True,0,0,0,0,0,0,0,0,ok,
JKHY,data\raw_equities\sp500_constituents\JKHY.csv,True,True,True,5351,2005-01-03,2026-04-10,0,0,True,0,0,0,0,0,0,0,0,ok,
JNJ,data\raw_equities\sp500_constituents\JNJ.csv,True,True,True,5351,2005-01-03,2026-04-10,0,0,True,0,0,0,0,0,0,0,0,ok,
JPM,data\raw_equities\sp500_constituents\JPM.csv,True,True,True,5351,2005-01-03,2026-04-10,0,0,True,0,0,0,0,0,0,0,0,ok,
KDP,data\raw_equities\sp500_constituents\KDP.csv,True,True,True,5351,2005-01-03,2026-04-10,0,0,True,0,0,0,0,0,0,0,0,ok,
KEY,data\raw_equities\sp500_constituents\KEY.csv,True,True,True,5351,2005-01-03,2026-04-10,0,0,True,0,0,0,0,0,0,0,0,ok,
KEYS,data\raw_equities\sp500_constituents\KEYS.csv,True,True,True,2885,2014-10-20,2026-04-10,0,0,True,0,0,0,0,0,0,0,0,ok,
KHC,data\raw_equities\sp500_constituents\KHC.csv,True,True,True,2708,2015-07-06,2026-04-10,0,0,True,0,0,0,0,0,0,0,0,ok,
KIM,data\raw_equities\sp500_constituents\KIM.csv,True,True,True,5351,2005-01-03,2026-04-10,0,0,True,0,0,0,0,0,0,0,0,ok,
KKR,data\raw_equities\sp500_constituents\KKR.csv,True,True,True,3959,2010-07-15,2026-04-10,0,0,True,0,0,0,0,0,0,0,0,ok,
KLAC,data\raw_equities\sp500_constituents\KLAC.csv,True,True,True,5351,2005-01-03,2026-04-10,0,0,True,0,0,0,0,0,0,0,0,ok,
KO,data\raw_equities\sp500_constituents\KO.csv,True,True,True,5351,2005-01-03,2026-04-10,0,0,True,0,0,0,0,0,0,0,0,ok,
KR,data\raw_equities\sp500_constituents\KR.csv,True,True,True,5351,2005-01-03,2026-04-10,0,0,True,0,0,0,0,0,0,0,0,ok,
KVUE,data\raw_equities\sp500_constituents\KVUE.csv,True,True,True,736,2023-05-04,2026-04-10,0,0,True,0,0,0,0,0,0,0,0,ok,
L,data\raw_equities\sp500_constituents\L.csv,True,True,True,5351,2005-01-03,2026-04-10,0,0,True,0,0,0,0,0,0,0,0,ok,
LDOS,data\raw_equities\sp500_constituents\LDOS.csv,True,True,True,4900,2006-10-17,2026-04-10,0,0,True,0,0,0,0,0,0,0,0,ok,
LEN,data\raw_equities\sp500_constituents\LEN.csv,True,True,True,5351,2005-01-03,2026-04-10,0,0,True,0,0,0,0,0,0,0,0,ok,
LH,data\raw_equities\sp500_constituents\LH.csv,True,True,True,5351,2005-01-03,2026-04-10,0,0,True,0,0,0,0,0,0,0,0,ok,
LHX,data\raw_equities\sp500_constituents\LHX.csv,True,True,True,5351,2005-01-03,2026-04-10,0,0,True,0,0,0,0,0,0,0,0,ok,
LII,data\raw_equities\sp500_constituents\LII.csv,True,True,True,5351,2005-01-03,2026-04-10,0,0,True,0,0,0,0,0,0,0,0,ok,
LIN,data\raw_equities\sp500_constituents\LIN.csv,True,True,True,5351,2005-01-03,2026-04-10,0,0,True,0,0,0,0,0,0,0,0,ok,
LITE,data\raw_equities\sp500_constituents\LITE.csv,True,True,True,5351,2005-01-03,2026-04-10,0,0,True,0,0,0,0,0,0,0,0,ok,
LLY,data\raw_equities\sp500_constituents\LLY.csv,True,True,True,5351,2005-01-03,2026-04-10,0,0,True,0,0,0,0,0,0,0,0,ok,
LMT,data\raw_equities\sp500_constituents\LMT.csv,True,True,True,5351,2005-01-03,2026-04-10,0,0,True,0,0,0,0,0,0,0,0,ok,
LNT,data\raw_equities\sp500_constituents\LNT.csv,True,True,True,5351,2005-01-03,2026-04-10,0,0,True,0,0,0,0,0,0,0,0,ok,
LOW,data\raw_equities\sp500_constituents\LOW.csv,True,True,True,5351,2005-01-03,2026-04-10,0,0,True,0,0,0,0,0,0,0,0,ok,
LRCX,data\raw_equities\sp500_constituents\LRCX.csv,True,True,True,5351,2005-01-03,2026-04-10,0,0,True,0,0,0,0,0,0,0,0,ok,
LULU,data\raw_equities\sp500_constituents\LULU.csv,True,True,True,4706,2007-07-27,2026-04-10,0,0,True,0,0,0,0,0,0,0,0,ok,
LUV,data\raw_equities\sp500_constituents\LUV.csv,True,True,True,5351,2005-01-03,2026-04-10,0,0,True,0,0,0,0,0,0,0,0,ok,
LVS,data\raw_equities\sp500_constituents\LVS.csv,True,True,True,5351,2005-01-03,2026-04-10,0,0,True,0,0,0,0,0,0,0,0,ok,
LYB,data\raw_equities\sp500_constituents\LYB.csv,True,True,True,4013,2010-04-28,2026-04-10,0,0,True,0,0,0,0,0,0,0,0,ok,
LYV,data\raw_equities\sp500_constituents\LYV.csv,True,True,True,5351,2005-01-03,2026-04-10,0,0,True,0,0,0,0,0,0,0,0,ok,
MA,data\raw_equities\sp500_constituents\MA.csv,True,True,True,5000,2006-05-25,2026-04-10,0,0,True,0,0,0,0,0,0,0,0,ok,
MAA,data\raw_equities\sp500_constituents\MAA.csv,True,True,True,5351,2005-01-03,2026-04-10,0,0,True,0,0,0,0,0,0,0,0,ok,
MAR,data\raw_equities\sp500_constituents\MAR.csv,True,True,True,5351,2005-01-03,2026-04-10,0,0,True,0,0,0,0,0,0,0,0,ok,
MAS,data\raw_equities\sp500_constituents\MAS.csv,True,True,True,5351,2005-01-03,2026-04-10,0,0,True,0,0,0,0,0,0,0,0,ok,
MCD,data\raw_equities\sp500_constituents\MCD.csv,True,True,True,5351,2005-01-03,2026-04-10,0,0,True,0,0,0,0,0,0,0,0,ok,
MCHP,data\raw_equities\sp500_constituents\MCHP.csv,True,True,True,5351,2005-01-03,2026-04-10,0,0,True,0,0,0,0,0,0,0,0,ok,
MCK,data\raw_equities\sp500_constituents\MCK.csv,True,True,True,5351,2005-01-03,2026-04-10,0,0,True,0,0,0,0,0,0,0,0,ok,
MCO,data\raw_equities\sp500_constituents\MCO.csv,True,True,True,5351,2005-01-03,2026-04-10,0,0,True,0,0,0,0,0,0,0,0,ok,
MDLZ,data\raw_equities\sp500_constituents\MDLZ.csv,True,True,True,5351,2005-01-03,2026-04-10,0,0,True,0,0,0,0,0,0,0,0,ok,
MDT,data\raw_equities\sp500_constituents\MDT.csv,True,True,True,5351,2005-01-03,2026-04-10,0,0,True,0,0,0,0,0,0,0,0,ok,
MET,data\raw_equities\sp500_constituents\MET.csv,True,True,True,5351,2005-01-03,2026-04-10,0,0,True,0,0,0,0,0,0,0,0,ok,
META,data\raw_equities\sp500_constituents\META.csv,True,True,True,3493,2012-05-18,2026-04-10,0,0,True,0,0,0,0,0,0,0,0,ok,
MGM,data\raw_equities\sp500_constituents\MGM.csv,True,True,True,5351,2005-01-03,2026-04-10,0,0,True,0,0,0,0,0,0,0,0,ok,
MKC,data\raw_equities\sp500_constituents\MKC.csv,True,True,True,5351,2005-01-03,2026-04-10,0,0,True,0,0,0,0,0,0,0,0,ok,
MMM,data\raw_equities\sp500_constituents\MMM.csv,True,True,True,5351,2005-01-03,2026-04-10,0,0,True,0,0,0,0,0,0,0,0,ok,
MNST,data\raw_equities\sp500_constituents\MNST.csv,True,True,True,5351,2005-01-03,2026-04-10,0,0,True,0,0,0,0,0,0,0,0,ok,
MO,data\raw_equities\sp500_constituents\MO.csv,True,True,True,5351,2005-01-03,2026-04-10,0,0,True,0,0,0,0,0,0,0,0,ok,
MOS,data\raw_equities\sp500_constituents\MOS.csv,True,True,True,5351,2005-01-03,2026-04-10,0,0,True,0,0,0,0,0,0,0,0,ok,
MPC,data\raw_equities\sp500_constituents\MPC.csv,True,True,True,4013,2010-04-28,2026-04-10,0,0,True,0,0,0,0,0,0,0,0,ok,
MPWR,data\raw_equities\sp500_constituents\MPWR.csv,True,True,True,5351,2005-01-03,2026-04-10,0,0,True,0,0,0,0,0,0,0,0,ok,
MRK,data\raw_equities\sp500_constituents\MRK.csv,True,True,True,5351,2005-01-03,2026-04-10,0,0,True,0,0,0,0,0,0,0,0,ok,
MRNA,data\raw_equities\sp500_constituents\MRNA.csv,True,True,True,1844,2018-12-07,2026-04-10,0,0,True,0,0,0,0,0,0,0,0,ok,
MS,data\raw_equities\sp500_constituents\MS.csv,True,True,True,5351,2005-01-03,2026-04-10,0,0,True,0,0,0,0,0,0,0,0,ok,
MSCI,data\raw_equities\sp500_constituents\MSCI.csv,True,True,True,4628,2007-11-15,2026-04-10,0,0,True,0,0,0,0,0,0,0,0,ok,
MSFT,data\raw_equities\sp500_constituents\MSFT.csv,True,True,True,5351,2005-01-03,2026-04-10,0,0,True,0,0,0,0,0,0,0,0,ok,
MSI,data\raw_equities\sp500_constituents\MSI.csv,True,True,True,5351,2005-01-03,2026-04-10,0,0,True,0,0,0,0,0,0,0,0,ok,
MTD,data\raw_equities\sp500_constituents\MTD.csv,True,True,True,5351,2005-01-03,2026-04-10,0,0,True,0,0,0,0,0,0,0,0,ok,
MU,data\raw_equities\sp500_constituents\MU.csv,True,True,True,5351,2005-01-03,2026-04-10,0,0,True,0,0,0,0,0,0,0,0,ok,
NCLH,data\raw_equities\sp500_constituents\NCLH.csv,True,True,True,3326,2013-01-18,2026-04-10,0,0,True,0,0,0,0,0,0,0,0,ok,
NDAQ,data\raw_equities\sp500_constituents\NDAQ.csv,True,True,True,5351,2005-01-03,2026-04-10,0,0,True,0,0,0,0,0,0,0,0,ok,
NDSN,data\raw_equities\sp500_constituents\NDSN.csv,True,True,True,5351,2005-01-03,2026-04-10,0,0,True,0,0,0,0,0,0,0,0,ok,
NEE,data\raw_equities\sp500_constituents\NEE.csv,True,True,True,5351,2005-01-03,2026-04-10,0,0,True,0,0,0,0,0,0,0,0,ok,
NEM,data\raw_equities\sp500_constituents\NEM.csv,True,True,True,5351,2005-01-03,2026-04-10,0,0,True,0,0,0,0,0,0,0,0,ok,
NFLX,data\raw_equities\sp500_constituents\NFLX.csv,True,True,True,5351,2005-01-03,2026-04-10,0,0,True,0,0,0,0,0,0,0,0,ok,
NI,data\raw_equities\sp500_constituents\NI.csv,True,True,True,5351,2005-01-03,2026-04-10,0,0,True,0,0,0,0,0,0,0,0,ok,
NKE,data\raw_equities\sp500_constituents\NKE.csv,True,True,True,5351,2005-01-03,2026-04-10,0,0,True,0,0,0,0,0,0,0,0,ok,
NOC,data\raw_equities\sp500_constituents\NOC.csv,True,True,True,5351,2005-01-03,2026-04-10,0,0,True,0,0,0,0,0,0,0,0,ok,
NRG,data\raw_equities\sp500_constituents\NRG.csv,True,True,True,5351,2005-01-03,2026-04-10,0,0,True,0,0,0,0,0,0,0,0,ok,
NSC,data\raw_equities\sp500_constituents\NSC.csv,True,True,True,5351,2005-01-03,2026-04-10,0,0,True,0,0,0,0,0,0,0,0,ok,
NTAP,data\raw_equities\sp500_constituents\NTAP.csv,True,True,True,5351,2005-01-03,2026-04-10,0,0,True,0,0,0,0,0,0,0,0,ok,
NTRS,data\raw_equities\sp500_constituents\NTRS.csv,True,True,True,5351,2005-01-03,2026-04-10,0,0,True,0,0,0,0,0,0,0,0,ok,
NUE,data\raw_equities\sp500_constituents\NUE.csv,True,True,True,5351,2005-01-03,2026-04-10,0,0,True,0,0,0,0,0,0,0,0,ok,
NVDA,data\raw_equities\sp500_constituents\NVDA.csv,True,True,True,5351,2005-01-03,2026-04-10,0,0,True,0,0,0,0,0,0,0,0,ok,
NVR,data\raw_equities\sp500_constituents\NVR.csv,True,True,True,5351,2005-01-03,2026-04-10,0,0,True,0,0,0,0,0,0,0,0,ok,
NWS,data\raw_equities\sp500_constituents\NWS.csv,True,True,True,3222,2013-06-19,2026-04-10,0,0,True,0,0,0,0,0,0,0,0,ok,
NWSA,data\raw_equities\sp500_constituents\NWSA.csv,True,True,True,3222,2013-06-19,2026-04-10,0,0,True,0,0,0,0,0,0,0,0,ok,
NXPI,data\raw_equities\sp500_constituents\NXPI.csv,True,True,True,3943,2010-08-06,2026-04-10,0,0,True,0,0,0,0,0,0,0,0,ok,
O,data\raw_equities\sp500_constituents\O.csv,True,True,True,5351,2005-01-03,2026-04-10,0,0,True,0,0,0,0,0,0,0,0,ok,
ODFL,data\raw_equities\sp500_constituents\ODFL.csv,True,True,True,5351,2005-01-03,2026-04-10,0,0,True,0,0,0,0,0,0,0,0,ok,
OKE,data\raw_equities\sp500_constituents\OKE.csv,True,True,True,5351,2005-01-03,2026-04-10,0,0,True,0,0,0,0,0,0,0,0,ok,
OMC,data\raw_equities\sp500_constituents\OMC.csv,True,True,True,5351,2005-01-03,2026-04-10,0,0,True,0,0,0,0,0,0,0,0,ok,
ON,data\raw_equities\sp500_constituents\ON.csv,True,True,True,5351,2005-01-03,2026-04-10,0,0,True,0,0,0,0,0,0,0,0,ok,
ORCL,data\raw_equities\sp500_constituents\ORCL.csv,True,True,True,5351,2005-01-03,2026-04-10,0,0,True,0,0,0,0,0,0,0,0,ok,
ORLY,data\raw_equities\sp500_constituents\ORLY.csv,True,True,True,5351,2005-01-03,2026-04-10,0,0,True,0,0,0,0,0,0,0,0,ok,
OTIS,data\raw_equities\sp500_constituents\OTIS.csv,True,True,True,5351,2005-01-03,2026-04-10,0,0,True,0,0,0,0,0,0,0,0,ok,
OXY,data\raw_equities\sp500_constituents\OXY.csv,True,True,True,5351,2005-01-03,2026-04-10,0,0,True,0,0,0,0,0,0,0,0,ok,
PANW,data\raw_equities\sp500_constituents\PANW.csv,True,True,True,3450,2012-07-20,2026-04-10,0,0,True,0,0,0,0,0,0,0,0,ok,
PAYX,data\raw_equities\sp500_constituents\PAYX.csv,True,True,True,5351,2005-01-03,2026-04-10,0,0,True,0,0,0,0,0,0,0,0,ok,
PCAR,data\raw_equities\sp500_constituents\PCAR.csv,True,True,True,5351,2005-01-03,2026-04-10,0,0,True,0,0,0,0,0,0,0,0,ok,
PCG,data\raw_equities\sp500_constituents\PCG.csv,True,True,True,5351,2005-01-03,2026-04-10,0,0,True,0,0,0,0,0,0,0,0,ok,
PEG,data\raw_equities\sp500_constituents\PEG.csv,True,True,True,5351,2005-01-03,2026-04-10,0,0,True,0,0,0,0,0,0,0,0,ok,
PEP,data\raw_equities\sp500_constituents\PEP.csv,True,True,True,5351,2005-01-03,2026-04-10,0,0,True,0,0,0,0,0,0,0,0,ok,
PFE,data\raw_equities\sp500_constituents\PFE.csv,True,True,True,5351,2005-01-03,2026-04-10,0,0,True,0,0,0,0,0,0,0,0,ok,
PFG,data\raw_equities\sp500_constituents\PFG.csv,True,True,True,5351,2005-01-03,2026-04-10,0,0,True,0,0,0,0,0,0,0,0,ok,
PG,data\raw_equities\sp500_constituents\PG.csv,True,True,True,5351,2005-01-03,2026-04-10,0,0,True,0,0,0,0,0,0,0,0,ok,
PGR,data\raw_equities\sp500_constituents\PGR.csv,True,True,True,5351,2005-01-03,2026-04-10,0,0,True,0,0,0,0,0,0,0,0,ok,
PH,data\raw_equities\sp500_constituents\PH.csv,True,True,True,5351,2005-01-03,2026-04-10,0,0,True,0,0,0,0,0,0,0,0,ok,
PHM,data\raw_equities\sp500_constituents\PHM.csv,True,True,True,5351,2005-01-03,2026-04-10,0,0,True,0,0,0,0,0,0,0,0,ok,
PKG,data\raw_equities\sp500_constituents\PKG.csv,True,True,True,5351,2005-01-03,2026-04-10,0,0,True,0,0,0,0,0,0,0,0,ok,
PLD,data\raw_equities\sp500_constituents\PLD.csv,True,True,True,5351,2005-01-03,2026-04-10,0,0,True,0,0,0,0,0,0,0,0,ok,
PLTR,data\raw_equities\sp500_constituents\PLTR.csv,True,True,True,1388,2020-09-30,2026-04-10,0,0,True,0,0,0,0,0,0,0,0,ok,
PM,data\raw_equities\sp500_constituents\PM.csv,True,True,True,4546,2008-03-17,2026-04-10,0,0,True,0,0,0,0,0,0,0,0,ok,
PNC,data\raw_equities\sp500_constituents\PNC.csv,True,True,True,5351,2005-01-03,2026-04-10,0,0,True,0,0,0,0,0,0,0,0,ok,
PNR,data\raw_equities\sp500_constituents\PNR.csv,True,True,True,5351,2005-01-03,2026-04-10,0,0,True,0,0,0,0,0,0,0,0,ok,
PNW,data\raw_equities\sp500_constituents\PNW.csv,True,True,True,5351,2005-01-03,2026-04-10,0,0,True,0,0,0,0,0,0,0,0,ok,
PODD,data\raw_equities\sp500_constituents\PODD.csv,True,True,True,4757,2007-05-15,2026-04-10,0,0,True,0,0,0,0,0,0,0,0,ok,
POOL,data\raw_equities\sp500_constituents\POOL.csv,True,True,True,5351,2005-01-03,2026-04-10,0,0,True,0,0,0,0,0,0,0,0,ok,
PPG,data\raw_equities\sp500_constituents\PPG.csv,True,True,True,5351,2005-01-03,2026-04-10,0,0,True,0,0,0,0,0,0,0,0,ok,
PPL,data\raw_equities\sp500_constituents\PPL.csv,True,True,True,5351,2005-01-03,2026-04-10,0,0,True,0,0,0,0,0,0,0,0,ok,
PRU,data\raw_equities\sp500_constituents\PRU.csv,True,True,True,5351,2005-01-03,2026-04-10,0,0,True,0,0,0,0,0,0,0,0,ok,
PSA,data\raw_equities\sp500_constituents\PSA.csv,True,True,True,5351,2005-01-03,2026-04-10,0,0,True,0,0,0,0,0,0,0,0,ok,
PSKY,data\raw_equities\sp500_constituents\PSKY.csv,True,True,True,5118,2005-12-05,2026-04-10,0,0,True,0,0,0,0,0,0,0,0,ok,
PSX,data\raw_equities\sp500_constituents\PSX.csv,True,True,True,5351,2005-01-03,2026-04-10,0,0,True,0,0,0,0,0,0,0,0,ok,
PTC,data\raw_equities\sp500_constituents\PTC.csv,True,True,True,5351,2005-01-03,2026-04-10,0,0,True,0,0,0,0,0,0,0,0,ok,
PWR,data\raw_equities\sp500_constituents\PWR.csv,True,True,True,5351,2005-01-03,2026-04-10,0,0,True,0,0,0,0,0,0,0,0,ok,
PYPL,data\raw_equities\sp500_constituents\PYPL.csv,True,True,True,5118,2005-12-05,2026-04-10,0,0,True,0,0,0,0,0,0,0,0,ok,
QCOM,data\raw_equities\sp500_constituents\QCOM.csv,True,True,True,5351,2005-01-03,2026-04-10,0,0,True,0,0,0,0,0,0,0,0,ok,
RCL,data\raw_equities\sp500_constituents\RCL.csv,True,True,True,5351,2005-01-03,2026-04-10,0,0,True,0,0,0,0,0,0,0,0,ok,
REG,data\raw_equities\sp500_constituents\REG.csv,True,True,True,5351,2005-01-03,2026-04-10,0,0,True,0,0,0,0,0,0,0,0,ok,
REGN,data\raw_equities\sp500_constituents\REGN.csv,True,True,True,5351,2005-01-03,2026-04-10,0,0,True,0,0,0,0,0,0,0,0,ok,
RF,data\raw_equities\sp500_constituents\RF.csv,True,True,True,5351,2005-01-03,2026-04-10,0,0,True,0,0,0,0,0,0,0,0,ok,
RJF,data\raw_equities\sp500_constituents\RJF.csv,True,True,True,5351,2005-01-03,2026-04-10,0,0,True,0,0,0,0,0,0,0,0,ok,
RL,data\raw_equities\sp500_constituents\RL.csv,True,True,True,5351,2005-01-03,2026-04-10,0,0,True,0,0,0,0,0,0,0,0,ok,
RMD,data\raw_equities\sp500_constituents\RMD.csv,True,True,True,5351,2005-01-03,2026-04-10,0,0,True,0,0,0,0,0,0,0,0,ok,
ROK,data\raw_equities\sp500_constituents\ROK.csv,True,True,True,5351,2005-01-03,2026-04-10,0,0,True,0,0,0,0,0,0,0,0,ok,
ROL,data\raw_equities\sp500_constituents\ROL.csv,True,True,True,5351,2005-01-03,2026-04-10,0,0,True,0,0,0,0,0,0,0,0,ok,
ROP,data\raw_equities\sp500_constituents\ROP.csv,True,True,True,5351,2005-01-03,2026-04-10,0,0,True,0,0,0,0,0,0,0,0,ok,
ROST,data\raw_equities\sp500_constituents\ROST.csv,True,True,True,5351,2005-01-03,2026-04-10,0,0,True,0,0,0,0,0,0,0,0,ok,
RSG,data\raw_equities\sp500_constituents\RSG.csv,True,True,True,5351,2005-01-03,2026-04-10,0,0,True,0,0,0,0,0,0,0,0,ok,
RTX,data\raw_equities\sp500_constituents\RTX.csv,True,True,True,5351,2005-01-03,2026-04-10,0,0,True,0,0,0,0,0,0,0,0,ok,
RVTY,data\raw_equities\sp500_constituents\RVTY.csv,True,True,True,5351,2005-01-03,2026-04-10,0,0,True,0,0,0,0,0,0,0,0,ok,
SATS,data\raw_equities\sp500_constituents\SATS.csv,True,True,True,5351,2005-01-03,2026-04-10,0,0,True,0,0,0,0,0,0,0,0,ok,
SBAC,data\raw_equities\sp500_constituents\SBAC.csv,True,True,True,5351,2005-01-03,2026-04-10,0,0,True,0,0,0,0,0,0,0,0,ok,
SBUX,data\raw_equities\sp500_constituents\SBUX.csv,True,True,True,5351,2005-01-03,2026-04-10,0,0,True,0,0,0,0,0,0,0,0,ok,
SCHW,data\raw_equities\sp500_constituents\SCHW.csv,True,True,True,5351,2005-01-03,2026-04-10,0,0,True,0,0,0,0,0,0,0,0,ok,
SHW,data\raw_equities\sp500_constituents\SHW.csv,True,True,True,5351,2005-01-03,2026-04-10,0,0,True,0,0,0,0,0,0,0,0,ok,
SJM,data\raw_equities\sp500_constituents\SJM.csv,True,True,True,5351,2005-01-03,2026-04-10,0,0,True,0,0,0,0,0,0,0,0,ok,
SLB,data\raw_equities\sp500_constituents\SLB.csv,True,True,True,5351,2005-01-03,2026-04-10,0,0,True,0,0,0,0,0,0,0,0,ok,
SMCI,data\raw_equities\sp500_constituents\SMCI.csv,True,True,True,4789,2007-03-29,2026-04-10,0,0,True,0,0,0,0,0,0,0,0,ok,
SNA,data\raw_equities\sp500_constituents\SNA.csv,True,True,True,5351,2005-01-03,2026-04-10,0,0,True,0,0,0,0,0,0,0,0,ok,
SNDK,data\raw_equities\sp500_constituents\SNDK.csv,True,True,True,290,2025-02-13,2026-04-10,0,0,True,0,0,0,0,0,0,0,0,ok,
SO,data\raw_equities\sp500_constituents\SO.csv,True,True,True,5351,2005-01-03,2026-04-10,0,0,True,0,0,0,0,0,0,0,0,ok,
SOLV,data\raw_equities\sp500_constituents\SOLV.csv,True,True,True,512,2024-03-26,2026-04-10,0,0,True,0,0,0,0,0,0,0,0,ok,
SPG,data\raw_equities\sp500_constituents\SPG.csv,True,True,True,5351,2005-01-03,2026-04-10,0,0,True,0,0,0,0,0,0,0,0,ok,
SPGI,data\raw_equities\sp500_constituents\SPGI.csv,True,True,True,5351,2005-01-03,2026-04-10,0,0,True,0,0,0,0,0,0,0,0,ok,
SRE,data\raw_equities\sp500_constituents\SRE.csv,True,True,True,5351,2005-01-03,2026-04-10,0,0,True,0,0,0,0,0,0,0,0,ok,
STE,data\raw_equities\sp500_constituents\STE.csv,True,True,True,5351,2005-01-03,2026-04-10,0,0,True,0,0,0,0,0,0,0,0,ok,
STLD,data\raw_equities\sp500_constituents\STLD.csv,True,True,True,5351,2005-01-03,2026-04-10,0,0,True,0,0,0,0,0,0,0,0,ok,
STT,data\raw_equities\sp500_constituents\STT.csv,True,True,True,5351,2005-01-03,2026-04-10,0,0,True,0,0,0,0,0,0,0,0,ok,
STX,data\raw_equities\sp500_constituents\STX.csv,True,True,True,5351,2005-01-03,2026-04-10,0,0,True,0,0,0,0,0,0,0,0,ok,
STZ,data\raw_equities\sp500_constituents\STZ.csv,True,True,True,5351,2005-01-03,2026-04-10,0,0,True,0,0,0,0,0,0,0,0,ok,
SW,data\raw_equities\sp500_constituents\SW.csv,True,True,True,5351,2005-01-03,2026-04-10,0,0,True,0,0,0,0,0,0,0,0,ok,
SWK,data\raw_equities\sp500_constituents\SWK.csv,True,True,True,5351,2005-01-03,2026-04-10,0,0,True,0,0,0,0,0,0,0,0,ok,
SWKS,data\raw_equities\sp500_constituents\SWKS.csv,True,True,True,5351,2005-01-03,2026-04-10,0,0,True,0,0,0,0,0,0,0,0,ok,
SYF,data\raw_equities\sp500_constituents\SYF.csv,True,True,True,2941,2014-07-31,2026-04-10,0,0,True,0,0,0,0,0,0,0,0,ok,
SYK,data\raw_equities\sp500_constituents\SYK.csv,True,True,True,5351,2005-01-03,2026-04-10,0,0,True,0,0,0,0,0,0,0,0,ok,
SYY,data\raw_equities\sp500_constituents\SYY.csv,True,True,True,5351,2005-01-03,2026-04-10,0,0,True,0,0,0,0,0,0,0,0,ok,
T,data\raw_equities\sp500_constituents\T.csv,True,True,True,5351,2005-01-03,2026-04-10,0,0,True,0,0,0,0,0,0,0,0,ok,
TAP,data\raw_equities\sp500_constituents\TAP.csv,True,True,True,5351,2005-01-03,2026-04-10,0,0,True,0,0,0,0,0,0,0,0,ok,
TDG,data\raw_equities\sp500_constituents\TDG.csv,True,True,True,5050,2006-03-15,2026-04-10,0,0,True,0,0,0,0,0,0,0,0,ok,
TDY,data\raw_equities\sp500_constituents\TDY.csv,True,True,True,5351,2005-01-03,2026-04-10,0,0,True,0,0,0,0,0,0,0,0,ok,
TECH,data\raw_equities\sp500_constituents\TECH.csv,True,True,True,5351,2005-01-03,2026-04-10,0,0,True,0,0,0,0,0,0,0,0,ok,
TEL,data\raw_equities\sp500_constituents\TEL.csv,True,True,True,5351,2005-01-03,2026-04-10,0,0,True,0,0,0,0,0,0,0,0,ok,
TER,data\raw_equities\sp500_constituents\TER.csv,True,True,True,5351,2005-01-03,2026-04-10,0,0,True,0,0,0,0,0,0,0,0,ok,
TFC,data\raw_equities\sp500_constituents\TFC.csv,True,True,True,5351,2005-01-03,2026-04-10,0,0,True,0,0,0,0,0,0,0,0,ok,
TGT,data\raw_equities\sp500_constituents\TGT.csv,True,True,True,5351,2005-01-03,2026-04-10,0,0,True,0,0,0,0,0,0,0,0,ok,
TJX,data\raw_equities\sp500_constituents\TJX.csv,True,True,True,5351,2005-01-03,2026-04-10,0,0,True,0,0,0,0,0,0,0,0,ok,
TKO,data\raw_equities\sp500_constituents\TKO.csv,True,True,True,5351,2005-01-03,2026-04-10,0,0,True,0,0,0,0,0,0,0,0,ok,
TMO,data\raw_equities\sp500_constituents\TMO.csv,True,True,True,5351,2005-01-03,2026-04-10,0,0,True,0,0,0,0,0,0,0,0,ok,
TPL,data\raw_equities\sp500_constituents\TPL.csv,True,True,True,5351,2005-01-03,2026-04-10,0,0,True,0,0,0,0,0,0,0,0,ok,
TPR,data\raw_equities\sp500_constituents\TPR.csv,True,True,True,5351,2005-01-03,2026-04-10,0,0,True,0,0,0,0,0,0,0,0,ok,
TRGP,data\raw_equities\sp500_constituents\TRGP.csv,True,True,True,5351,2005-01-03,2026-04-10,0,0,True,0,0,0,0,0,0,0,0,ok,
TRMB,data\raw_equities\sp500_constituents\TRMB.csv,True,True,True,5351,2005-01-03,2026-04-10,0,0,True,0,0,0,0,0,0,0,0,ok,
TRV,data\raw_equities\sp500_constituents\TRV.csv,True,True,True,5351,2005-01-03,2026-04-10,0,0,True,0,0,0,0,0,0,0,0,ok,
TSCO,data\raw_equities\sp500_constituents\TSCO.csv,True,True,True,5351,2005-01-03,2026-04-10,0,0,True,0,0,0,0,0,0,0,0,ok,
TSLA,data\raw_equities\sp500_constituents\TSLA.csv,True,True,True,3970,2010-06-29,2026-04-10,0,0,True,0,0,0,0,0,0,0,0,ok,
TSN,data\raw_equities\sp500_constituents\TSN.csv,True,True,True,5351,2005-01-03,2026-04-10,0,0,True,0,0,0,0,0,0,0,0,ok,
TT,data\raw_equities\sp500_constituents\TT.csv,True,True,True,5351,2005-01-03,2026-04-10,0,0,True,0,0,0,0,0,0,0,0,ok,
TTD,data\raw_equities\sp500_constituents\TTD.csv,True,True,True,2401,2016-09-21,2026-04-10,0,0,True,0,0,0,0,0,0,0,0,ok,
TTWO,data\raw_equities\sp500_constituents\TTWO.csv,True,True,True,5351,2005-01-03,2026-04-10,0,0,True,0,0,0,0,0,0,0,0,ok,
TXN,data\raw_equities\sp500_constituents\TXN.csv,True,True,True,5351,2005-01-03,2026-04-10,0,0,True,0,0,0,0,0,0,0,0,ok,
TXT,data\raw_equities\sp500_constituents\TXT.csv,True,True,True,5351,2005-01-03,2026-04-10,0,0,True,0,0,0,0,0,0,0,0,ok,
TYL,data\raw_equities\sp500_constituents\TYL.csv,True,True,True,5351,2005-01-03,2026-04-10,0,0,True,0,0,0,0,0,0,0,0,ok,
UAL,data\raw_equities\sp500_constituents\UAL.csv,True,True,True,5076,2006-02-06,2026-04-10,0,0,True,0,0,0,0,0,0,0,0,ok,
UBER,data\raw_equities\sp500_constituents\UBER.csv,True,True,True,5351,2005-01-03,2026-04-10,0,0,True,0,0,0,0,0,0,0,0,ok,
UDR,data\raw_equities\sp500_constituents\UDR.csv,True,True,True,5351,2005-01-03,2026-04-10,0,0,True,0,0,0,0,0,0,0,0,ok,
UHS,data\raw_equities\sp500_constituents\UHS.csv,True,True,True,5351,2005-01-03,2026-04-10,0,0,True,0,0,0,0,0,0,0,0,ok,
ULTA,data\raw_equities\sp500_constituents\ULTA.csv,True,True,True,4643,2007-10-25,2026-04-10,0,0,True,0,0,0,0,0,0,0,0,ok,
UNH,data\raw_equities\sp500_constituents\UNH.csv,True,True,True,5351,2005-01-03,2026-04-10,0,0,True,0,0,0,0,0,0,0,0,ok,
UNP,data\raw_equities\sp500_constituents\UNP.csv,True,True,True,5351,2005-01-03,2026-04-10,0,0,True,0,0,0,0,0,0,0,0,ok,
UPS,data\raw_equities\sp500_constituents\UPS.csv,True,True,True,5351,2005-01-03,2026-04-10,0,0,True,0,0,0,0,0,0,0,0,ok,
URI,data\raw_equities\sp500_constituents\URI.csv,True,True,True,5351,2005-01-03,2026-04-10,0,0,True,0,0,0,0,0,0,0,0,ok,
USB,data\raw_equities\sp500_constituents\USB.csv,True,True,True,5351,2005-01-03,2026-04-10,0,0,True,0,0,0,0,0,0,0,0,ok,
V,data\raw_equities\sp500_constituents\V.csv,True,True,True,4544,2008-03-19,2026-04-10,0,0,True,0,0,0,0,0,0,0,0,ok,
VICI,data\raw_equities\sp500_constituents\VICI.csv,True,True,True,2079,2018-01-02,2026-04-10,0,0,True,0,0,0,0,0,0,0,0,ok,
VLO,data\raw_equities\sp500_constituents\VLO.csv,True,True,True,5351,2005-01-03,2026-04-10,0,0,True,0,0,0,0,0,0,0,0,ok,
VLTO,data\raw_equities\sp500_constituents\VLTO.csv,True,True,True,5351,2005-01-03,2026-04-10,0,0,True,0,0,0,0,0,0,0,0,ok,
VMC,data\raw_equities\sp500_constituents\VMC.csv,True,True,True,5351,2005-01-03,2026-04-10,0,0,True,0,0,0,0,0,0,0,0,ok,
VRSN,data\raw_equities\sp500_constituents\VRSN.csv,True,True,True,5351,2005-01-03,2026-04-10,0,0,True,0,0,0,0,0,0,0,0,ok,
VRT,data\raw_equities\sp500_constituents\VRT.csv,True,True,True,1932,2018-08-02,2026-04-10,0,0,True,0,0,0,0,0,0,0,0,ok,
VRTX,data\raw_equities\sp500_constituents\VRTX.csv,True,True,True,5351,2005-01-03,2026-04-10,0,0,True,0,0,0,0,0,0,0,0,ok,
VST,data\raw_equities\sp500_constituents\VST.csv,True,True,True,4544,2008-03-19,2026-04-10,0,0,True,0,0,0,0,0,0,0,0,ok,
VTR,data\raw_equities\sp500_constituents\VTR.csv,True,True,True,5351,2005-01-03,2026-04-10,0,0,True,0,0,0,0,0,0,0,0,ok,
VTRS,data\raw_equities\sp500_constituents\VTRS.csv,True,True,True,5351,2005-01-03,2026-04-10,0,0,True,0,0,0,0,0,0,0,0,ok,
VZ,data\raw_equities\sp500_constituents\VZ.csv,True,True,True,5351,2005-01-03,2026-04-10,0,0,True,0,0,0,0,0,0,0,0,ok,
WAB,data\raw_equities\sp500_constituents\WAB.csv,True,True,True,5351,2005-01-03,2026-04-10,0,0,True,0,0,0,0,0,0,0,0,ok,
WAT,data\raw_equities\sp500_constituents\WAT.csv,True,True,True,5351,2005-01-03,2026-04-10,0,0,True,0,0,0,0,0,0,0,0,ok,
WBD,data\raw_equities\sp500_constituents\WBD.csv,True,True,True,5351,2005-01-03,2026-04-10,0,0,True,0,0,0,0,0,0,0,0,ok,
WDC,data\raw_equities\sp500_constituents\WDC.csv,True,True,True,5351,2005-01-03,2026-04-10,0,0,True,0,0,0,0,0,0,0,0,ok,
WEC,data\raw_equities\sp500_constituents\WEC.csv,True,True,True,5351,2005-01-03,2026-04-10,0,0,True,0,0,0,0,0,0,0,0,ok,
WELL,data\raw_equities\sp500_constituents\WELL.csv,True,True,True,5351,2005-01-03,2026-04-10,0,0,True,0,0,0,0,0,0,0,0,ok,
WFC,data\raw_equities\sp500_constituents\WFC.csv,True,True,True,5351,2005-01-03,2026-04-10,0,0,True,0,0,0,0,0,0,0,0,ok,
WM,data\raw_equities\sp500_constituents\WM.csv,True,True,True,5351,2005-01-03,2026-04-10,0,0,True,0,0,0,0,0,0,0,0,ok,
WMB,data\raw_equities\sp500_constituents\WMB.csv,True,True,True,5351,2005-01-03,2026-04-10,0,0,True,0,0,0,0,0,0,0,0,ok,
WMT,data\raw_equities\sp500_constituents\WMT.csv,True,True,True,5351,2005-01-03,2026-04-10,0,0,True,0,0,0,0,0,0,0,0,ok,
WRB,data\raw_equities\sp500_constituents\WRB.csv,True,True,True,5351,2005-01-03,2026-04-10,0,0,True,0,0,0,0,0,0,0,0,ok,
WSM,data\raw_equities\sp500_constituents\WSM.csv,True,True,True,5351,2005-01-03,2026-04-10,0,0,True,0,0,0,0,0,0,0,0,ok,
WST,data\raw_equities\sp500_constituents\WST.csv,True,True,True,5351,2005-01-03,2026-04-10,0,0,True,0,0,0,0,0,0,0,0,ok,
WTW,data\raw_equities\sp500_constituents\WTW.csv,True,True,True,5351,2005-01-03,2026-04-10,0,0,True,0,0,0,0,0,0,0,0,ok,
WY,data\raw_equities\sp500_constituents\WY.csv,True,True,True,5351,2005-01-03,2026-04-10,0,0,True,0,0,0,0,0,0,0,0,ok,
XOM,data\raw_equities\sp500_constituents\XOM.csv,True,True,True,5351,2005-01-03,2026-04-10,0,0,True,0,0,0,0,0,0,0,0,ok,
XYZ,data\raw_equities\sp500_constituents\XYZ.csv,True,True,True,2611,2015-11-19,2026-04-10,0,0,True,0,0,0,0,0,0,0,0,ok,
ABNB,data\raw_equities\sp500_constituents\ABNB.csv,True,True,True,5351,2005-01-03,2026-04-10,0,0,True,4013,4013,4013,4013,4013,0,0,0,warning,missing_critical_values
BKNG,data\raw_equities\sp500_constituents\BKNG.csv,True,True,True,5351,2005-01-03,2026-04-10,0,0,True,1156,1156,1156,1156,1156,0,0,0,warning,missing_critical_values
BSX,data\raw_equities\sp500_constituents\BSX.csv,True,True,True,5351,2005-01-03,2026-04-10,0,0,True,557,557,557,557,557,0,0,0,warning,missing_critical_values
CEG,data\raw_equities\sp500_constituents\CEG.csv,True,True,True,5351,2005-01-03,2026-04-10,0,0,True,4291,4291,4291,4291,4291,0,0,0,warning,missing_critical_values
CF,data\raw_equities\sp500_constituents\CF.csv,True,True,True,5351,2005-01-03,2026-04-10,0,0,True,153,153,153,153,153,0,0,0,warning,missing_critical_values
CFG,data\raw_equities\sp500_constituents\CFG.csv,True,True,True,5351,2005-01-03,2026-04-10,0,0,True,2448,2448,2448,2448,2448,0,0,0,warning,missing_critical_values
CHTR,data\raw_equities\sp500_constituents\CHTR.csv,True,True,True,5351,2005-01-03,2026-04-10,0,0,True,1260,1260,1260,1260,1260,0,0,0,warning,missing_critical_values
CNP,data\raw_equities\sp500_constituents\CNP.csv,True,True,True,5351,2005-01-03,2026-04-10,0,0,True,153,153,153,153,153,0,0,0,warning,missing_critical_values
CTSH,data\raw_equities\sp500_constituents\CTSH.csv,True,True,True,5351,2005-01-03,2026-04-10,0,0,True,4097,4097,4097,4097,4097,0,0,0,warning,missing_critical_values
DE,data\raw_equities\sp500_constituents\DE.csv,True,True,True,5351,2005-01-03,2026-04-10,0,0,True,586,586,586,586,586,0,0,0,warning,missing_critical_values
DG,data\raw_equities\sp500_constituents\DG.csv,True,True,True,5351,2005-01-03,2026-04-10,0,0,True,1226,1226,1226,1226,1226,0,0,0,warning,missing_critical_values
DXCM,data\raw_equities\sp500_constituents\DXCM.csv,True,True,True,5351,2005-01-03,2026-04-10,0,0,True,586,586,586,586,586,0,0,0,warning,missing_critical_values
GEHC,data\raw_equities\sp500_constituents\GEHC.csv,True,True,True,5351,2005-01-03,2026-04-10,0,0,True,4520,4520,4520,4520,4520,0,0,0,warning,missing_critical_values
GL,data\raw_equities\sp500_constituents\GL.csv,True,True,True,5351,2005-01-03,2026-04-10,0,0,True,2577,2577,2577,2577,2577,0,0,0,warning,missing_critical_values
GM,data\raw_equities\sp500_constituents\GM.csv,True,True,True,5351,2005-01-03,2026-04-10,0,0,True,1481,1481,1481,1481,1481,0,0,0,warning,missing_critical_values
GS,data\raw_equities\sp500_constituents\GS.csv,True,True,True,5351,2005-01-03,2026-04-10,0,0,True,2577,2577,2577,2577,2577,0,0,0,warning,missing_critical_values
HPE,data\raw_equities\sp500_constituents\HPE.csv,True,True,True,5351,2005-01-03,2026-04-10,0,0,True,2717,2717,2717,2717,2717,0,0,0,warning,missing_critical_values
IBKR,data\raw_equities\sp500_constituents\IBKR.csv,True,True,True,5351,2005-01-03,2026-04-10,0,0,True,587,587,587,587,587,0,0,0,warning,missing_critical_values
KMB,data\raw_equities\sp500_constituents\KMB.csv,True,True,True,5351,2005-01-03,2026-04-10,0,0,True,1392,1392,1392,1392,1392,0,0,0,warning,missing_critical_values
KMI,data\raw_equities\sp500_constituents\KMI.csv,True,True,True,5351,2005-01-03,2026-04-10,0,0,True,1392,1392,1392,1392,1392,0,0,0,warning,missing_critical_values
MLM,data\raw_equities\sp500_constituents\MLM.csv,True,True,True,5351,2005-01-03,2026-04-10,0,0,True,351,351,351,351,351,0,0,0,warning,missing_critical_values
MRSH,data\raw_equities\sp500_constituents\MRSH.csv,True,True,True,5351,2005-01-03,2026-04-10,0,0,True,5351,5351,5351,5351,5351,0,0,0,warning,missing_critical_values
MTB,data\raw_equities\sp500_constituents\MTB.csv,True,True,True,5351,2005-01-03,2026-04-10,0,0,True,1338,1338,1338,1338,1338,0,0,0,warning,missing_critical_values
NOW,data\raw_equities\sp500_constituents\NOW.csv,True,True,True,5351,2005-01-03,2026-04-10,0,0,True,1887,1887,1887,1887,1887,0,0,0,warning,missing_critical_values
Q,data\raw_equities\sp500_constituents\Q.csv,True,True,True,5351,2005-01-03,2026-04-10,0,0,True,5237,5237,5237,5237,5237,0,0,0,warning,missing_critical_values
SNPS,data\raw_equities\sp500_constituents\SNPS.csv,True,True,True,5351,2005-01-03,2026-04-10,0,0,True,562,562,562,562,562,0,0,0,warning,missing_critical_values
TMUS,data\raw_equities\sp500_constituents\TMUS.csv,True,True,True,5351,2005-01-03,2026-04-10,0,0,True,576,576,576,576,576,0,0,0,warning,missing_critical_values
TROW,data\raw_equities\sp500_constituents\TROW.csv,True,True,True,5351,2005-01-03,2026-04-10,0,0,True,576,576,576,576,576,0,0,0,warning,missing_critical_values
VRSK,data\raw_equities\sp500_constituents\VRSK.csv,True,True,True,5351,2005-01-03,2026-04-10,0,0,True,1199,1199,1199,1199,1199,0,0,0,warning,missing_critical_values
WDAY,data\raw_equities\sp500_constituents\WDAY.csv,True,True,True,5351,2005-01-03,2026-04-10,0,0,True,1960,1960,1960,1960,1960,0,0,0,warning,missing_critical_values
WYNN,data\raw_equities\sp500_constituents\WYNN.csv,True,True,True,5351,2005-01-03,2026-04-10,0,0,True,1960,1960,1960,1960,1960,0,0,0,warning,missing_critical_values
XEL,data\raw_equities\sp500_constituents\XEL.csv,True,True,True,5351,2005-01-03,2026-04-10,0,0,True,1960,1960,1960,1960,1960,0,0,0,warning,missing_critical_values
XYL,data\raw_equities\sp500_constituents\XYL.csv,True,True,True,5351,2005-01-03,2026-04-10,0,0,True,1960,1960,1960,1960,1960,0,0,0,warning,missing_critical_values
YUM,data\raw_equities\sp500_constituents\YUM.csv,True,True,True,5351,2005-01-03,2026-04-10,0,0,True,1960,1960,1960,1960,1960,0,0,0,warning,missing_critical_values
